product_id,product_name,product_category,product_breed,product_description,product_image,product_price,product_weight
,Acana Grass Fed Lamb Dog Food,Dry Food,For dogs of all breeds and life stages.,"Acana Grass Fed Lamb Dog Food 11.4 Kg is a complete meal having high-quality lamb as the main ingredient. It consists of a single easily digestible animal protein that is suitable for diet-sensitive dogs. Ingredients like fresh apples, squash and pumpkin support healthy digestion at the at the same time facilitating a higher nutrient absorption. Acana dog food contains high-quality protein for building lean muscle mass and to enhance skin and hair growth. Having a considerable amount of freeze-dried liver in the meal allures even the pickiest of eaters. Acana Grass Fed Lamb Dog Food diet consists of 50% fruits and vegetables from proved, local sources delivered fresh each and every time. Marine algae present in the diet provides Omega 3 and Omega 6 fatty acids which encourage a healthy skin and a shiny coat. Vitamin A being a natural antioxidant neutralises free radicals present in the body and builds a strong immune system. Acana Grass-fed Lamb diet is also free from potatoes, tapioca and starches making the food anti-diabetic and also helping to counter obesity. Acana Dog food is a biologically applicable meal which is fitting for dogs of all breeds and life stages.",dry-food1.jpg,8299,11.4
,Acana Large Breed Adult Dog Food 11.4 Kg,Dry Food,For adult dogs having a weight over 25 Kgs," Acana Large Breed Adult Dog Food 11 Kg offers a WholePrey formula which provides all the necessary nutrition in the diet similar to their carnivorous ancestors. This nourishes the canine according to natures way and keeps them healthy and strong. The food has adequate protein content for sustaining good muscle mass and to repair body tissues. It is also low in carbohydrate to maintain a balanced blood sugar level and to prevent obesity. This also reduces stress produced in bones and joints of the dog. Essential fatty acids present in the diet boosts vision and skin health. Acana Large Breed Adult Dog Food contains valuable plant extracts giving all the essential vitamins and minerals for supporting a healthy metabolism. The inclusion of freeze-dried liver meat enhances the palatability of food. Acana Dog Food is a biologically appropriate food having no gluten, grain or any synthetic additives.",dry-food2.jpg,7299,11.4
,DROOLS Daily Nutrition Adult Chicken & Egg 3.5 Kg,Dry Food,Dogs of all breeds above 2 years of age.,"Drools Adult Chicken and Egg is a highly nutritious meal formulated to sustain overall health and well being in adult dogs of all breeds. The food contains nutrients such as proteins, fats, carbohydrates and other minerals to give a balanced diet for adult dogs. The formulation consists of a good amount of vitamins for maintaining the strength of bones and joints. Balanced ratio of essential fatty acids like Omega 3 and Omega 6 boost the health of skin and coat. The unique shape and texture of the food kibble helps in preventing plaque buildup in teeth. Drools dog food is nutritionally balanced and undergoes rigorous quality checks to ensure that the best quality of food reaches your pet's bowl.",dry-food3.jpg,620,3.5
,Acana Grass Fed Lamb Dog Food 6 Kg,Dry Food,For all breeds and life stages.,"Acana Grass Fed Lamb Dog Food 6 Kg is a highly nutritious meal having 50% Lamb as the main constituent. It has a single, easy to digest animal protein which makes it an ideal meal for diet-sensitive dogs. The food contains fresh apples, squash and pumpkin to promote gentle and a healthy digestion which also ensures a high nutrient absorption. Acana dog food is rich in protein for increasing muscle mass and strength.in canines. Having a mixture of freeze-dried liver in the meal tempts even the choosiest of eaters. Acana Grass Fed Lamb Dog Food diet comprises of 50% fruits and vegetables from trusted, local sources brought fresh each and every time. Essential fatty acids such as Omega 3 and Omega 6 boost skin health and give a shiny coat overall. Vitamin A being a natural antioxidant helps in building a strong defence mechanism in the body. Acana Grass-fed Lamb meal is also free from potatoes, tapioca and starches which helps in maintaining a stable blood sugar level and to counter obesity. Acana Dog food is a biologically appropriate meal for dogs of all breeds and life stages.",dry-food4.jpg,4799,6
,Acana Sports & Agility Dog Food 11.4 Kg,Dry Food,Highly active dogs of all breeds and life stages.,"Acana Sport & Agility Dog Food 11 Kg is a richly nourishing meal containing Cobb Chicken, Turkey, Fish and Whole eggs supplying top-quality nutrition to meet the energy demands in dogs having an active lifestyle. It contains 75% animal protein for building good lean mass and to improve recovery. Seaweed, Juniper berries, lavender, alfalfa and peppermint leaves offer essential vitamins and minerals to speed up metabolism and to sustain overall health. Acana Sport & Agility also consists of chicory root catering organic prebiotic to boost the overall digestive process of the canine. Essential fatty acids like EPA and DHA prevent skin allergies and give dogs a lustrous coat. The food also contains freeze-dried liver meat to increase the savour of the meal. Copper, Zinc and Selenium are natural anti-oxidants which help in building a strong immune system. Acana Dog Food is a biologically appropriate food which embodies the dogs innate diet in the wild.",dry-food5.jpg,7299,11.4
,DROOLS Daily Nutrition Adult Chicken And Egg 10kg,Dry Food,Dogs of all breeds above 2 years of age.,"Drools Adult Chicken and Egg is a highly nutritious meal formulated to sustain overall health and well being in adult dogs of all breeds. The food contains nutrients such as proteins, fats, carbohydrates and other minerals to give a balanced diet for adult dogs. The formulation consists of a good amount of vitamins for maintaining the strength of bones and joints. Balanced ratio of essential fatty acids like Omega 3 and Omega 6 boost the health of skin and coat. The unique shape and texture of the food kibble helps in preventing plaque buildup in teeth. Drools dog food is nutritionally balanced and undergoes rigorous quality checks to ensure that the best quality of food reaches your pet's bowl.",dry-food6.jpg,1700,10
,"Farmina N&D Grain Free Pumpkin Lamb and Blueberry Adult Food, 12 kg (Medium and Maxi)",Dry Food,Dogs of all breeds above 2 years of age.,"Natural & Delicious Grain-Free Pumpkin, Lamb and blueberry adult dog food contains pumpkin and no potato, which makes it digestive as well as good for immune system.It has a composition of 60% high-quality animal ingredients and 40% vegetables, fruits, vitamins, and minerals. N&D grain free pumpkin lamb and blueberry is complete food for adult dogs. Pumpkin is a delicious and healthy vegetable and acts as a digestive aid, supports the immune system, a source of beta-carotene, and has anti-inflammatory qualities.",dry-food7.jpg,8890,12
,HILL'S Adult Lamb and Rice 15 kg,Dry Food,All types,"Suitable  for Large dogs - weighing - 24-44kgs - Age - 1-5, Giant dogs  - weighing - 44-60kgs - Age - 1-4. Features are Supports controlled bone & joint growth. Clinically proven antioxidant benefits. No artificial colors, flavors or preservatives. Ingredients include  Lamb Meal, Brewers Rice, Whole Grain Wheat, Whole Grain Sorghum, Cracked Pearled Barley, Corn Gluten Meal, Brown Rice, Pork Fat, Chicken Liver Flavor, Soybean Oil, Dried Beet Pulp, Lactic Acid, Potassium Chloride, Flaxseed, L-Lysine, Iodized Salt, Choline Chloride, vitamins (Vitamin E Supplement, L-Ascorbyl-2-Polyphosphate (source of vitamin C), Niacin Supplement, Thiamine Mononitrate, Vitamin A Supplement, Calcium Pantothenate, Biotin, Vitamin B12 Supplement, Pyridoxine Hydrochloride, Riboflavin Supplement, Folic Acid, Vitamin D3 Supplement), Taurine, minerals (Ferrous Sulfate, Zinc Oxide, Copper Sulfate, Manganous Oxide, Calcium Iodate, Sodium Selenite), L-Carnitine, Mixed Tocopherols for freshness, Phosphoric acid, Beta-Carotene, Natural Flavors.",dry-food8.jpg,8250,15
,Canine Creek Club Dog Food -20kg,Dry Food,Suitable for adults.,"Features include exclusive low grain complex that is suitable for all breeds and ages above 1.5 months, made from farm-fresh chicken with min 30% protein, promotes joint health, highly digestible protein.",dry-food9.jpg,5850,20
,Drools Focus Adult Dog Food 4 Kg,Dry Food,Dogs of all breeds above 2 years of age.,"Drools Focus is a wholesome dry dog food for adult dogs (above 1 year). The main component of the complete diet is real chicken which makes up more than 40% of the food. Protein derived from this high quality animal meat promotes healthy muscle mass and ensures long-term well-being of the canine. Whole grains like rice and oats simplify the digestion process and facilitate better nutrient absorption. Glucosamine and chondroitin preserves and enhance the strength of joints. Antioxidants, such as vitamin C and E, strengthen the immune system and support overall cellular health. Your dog’s beautiful skin and coat will be preserved and protected by the careful addition of omega-3 and omega-6 fatty acids, biotin, zinc and vitamin E. Crunchy texture of the kibbles helps in lessening plaque formation and thus promotes healthy teeth and gums.",dry-food10.jpg,1650,4
,"Farmina N&D Grain Free Pumpkin Lamb and Blueberry Adult Food, 12 kg (Medium and Maxi)",Dry Food,Dogs of all breeds above 2 years of age.,"Farmina N&D Grain Free Pumpkin Lamb and Blueberry Adult Food, 12 kg (Medium and Maxi). Natural & Delicious Grain-Free Pumpkin, Lamb and blueberry adult dog food contains pumpkin and no potato, which makes it digestive as well as good for immune system.It has a composition of 60% high-quality animal ingredients and 40% vegetables, fruits, vitamins, and minerals. N&D grain free pumpkin lamb and blueberry is complete food for adult dogs. Pumpkin is a delicious and healthy vegetable and acts as a digestive aid, supports the immune system, a source of beta-carotene, and has anti-inflammatory qualities.",dry-food11.jpg,8890,12
,"Pedigree Mother & Baby Puppy (3-12 Weeks) Starter Dry Dog Food, 3kg",Dry Food,Suitable for adults.,"Benefits of Pedigree Mother & Baby Dog. The ingredients are extracted from milk, rice, and chicken that gives a healthy lifestyle . The DHA which is formulated helps in brain development . Essential Vitamins E ensures immunity and natural defense . It has a high quality of fiber which helps in healthy digestion. How to introduce Pedigree Mother & Baby Dog. Introducing pedigree mother and baby dog in the right way is very important, as we need to give the right amount of dog food with the current food which is fed daily. Gradually the dog food can be given completely.",dry-food12.jpg,830,3
,Farmina Team Breeder Top Adult 20 Kg,Dry Food,For adult dogs of all breeds.,Farmina Team Breeder Top 20 Kg is a super premium quality dog food having dehydrated chicken meat as the fundamental constituent for making the meal delicous to savour. The diet has an ample amount of protein for improving bone density and to maintain optimal boy functioning. Important vitamins and minerals are added in the diet for promoting good dental hygiene and to bolster the immune system. Farmina Team Breeder Top is also rich in fibre for facilitating a smooth digestion and a higher nutrient absorption. Vitamin A helps in maintaining good eye vision and for giving an overall healthy skin and coat.,dry-food13.jpg,8700,20
,Fidele Small & Medium Breed Adult Dog Food 15 Kg,Dry Food,Small and medium breed adult dogs between 10 months and 10 years of age.,FIDELE Adult Small & Medium Breed 15 Kg is a highly nutritious dog food containing chicken and rice as the fundamental ingredients for maintaining overall health and wellbeing in small and medium breed adult dogs. A balanced ration of Omega 3 and Omega 6 fatty acid in the diet improves brain functioning and promote a healthy skin and coat. Unique kibble size and shape of FIDELE Adult Small & Medium Breed prevent dental problems like Tartar and plaque buildup. Essential vitamins and minerals help in fighting off infections and to boost overall metabolism. MOS and FOS prebiotics present in the meal builds good intestinal flora for keeping the gut healthy and to bolster the digestive mechanism.,dry-food14.jpg,6250,15
,Farmina Team Breeder Grain Free Top Adult Chicken Food 20 Kg,Dry Food,For adult dogs of all breeds.,Farmina Team Breeder Grain Free Top Adult Chicken Food 20 Kg is a highly nutritious dog food having fresh boneless chicken as the primary ingredient offering a variety of nutrients for adult canines. A balanced proportion of calcium and phosphorus in the food strengthen bones and joints. Dried beetroot pulp is an excellent source of anti-oxidants for fighting infections and to keep the immune system in strong condition. Raw fibre present in Farmina Team Breeder Grain Free Top Adult Chicken facilitates the cleaning of the digestive tract and helps to absorb maximum nutrients present in the diet. A healthy content in the food provides sufficient energy to the canines for sustaining an active and healthy lifestyle.,dry-food15.jpg,9700,20
,Pedigree Adult Meat & Veg 20 Kg,Dry Food,All breeds,"Pedigree Adult Meat and Vegetables Dog Food is a fine quality diet available at PetsWorld having a perfect combination of all essential nutrients. It has a protein content of 20% that helps in ensuring a robust muscle mass in them. All the vital minerals are present in this diet that helps in strengthening the bones and teeth in your dogs. Omega fatty acids help in nourishing the overall skin health of the canines. Also, there is an adequate amount of natural fibres that ensures good digestive health in the dogs.",dry-food16.jpg,3620,20
,Pedigree Chicken and Vegetable Adult Dog Food 15 Kg,Dry Food,All Breeds,"Pedigree Chicken and Vegetables 15kg supplies your adult dog with all that it needs to live a healthy and vigorous life. The parameters of health, like robust teeth and bones, healthy skin and lustrous coat, stronger immune system and healthy digestion are maintained well through the special preparation. Given in the prescribed quantity the meal also assists in maintaining an ideal a weight of the dog. The digestion enhancing elements of the pet food induces best possible digestion of the nutrients, leading to their effective utilization. The high quality vegetables have been mixed along with palatable and digestible chicken to offer a meal which is not only good for your dogs health but also tastes yummy..",dry-food17.jpg,2850,15
,Royal Canin Medium Adult Dog Food 4 Kg,Dry Food,Medium breed dogs over 1-year-old.,"Royal Canin Medium Adult dog food offers a wholesome diet to your medium breed adult dog. This food is suitable for all medium breed dogs over 12 months of age and weighing from 11 to 25 kg. It offers just the right amount of energy to lead a healthy and happy life. With the finest quality of protein and balanced quantities of dietary fibre, the nutritious diet promises optimum digestibility and also helps to maintain a healthy weight. Natural defences of the adult Fido will be enhanced with an antioxidant formula and manno-oligo-saccharides. Your dogs skin and fur are nourished with omega 3 fatty acids (EPA & DHA). The thoughtful selection of ingredients and special flavourings raise the palatability of the food and ensure proper satisfaction of hunger.",dry-food18.jpg,2520,4
,Royal Canin Labrador Adult Dog Food 12 Kg,Dry Food,Labrador Retrievers above 15 months ,"Labrador Retrievers are one of the most loved dog breeds across the world. They are voracious eaters who eat almost all kinds of food. Giving them a nutritionally balanced meal is essential for keeping them healthy and fit. Royal Canin Labrador Adult 12 Kg is one such diet which constitutes the finest of ingredients that boosts the overall wellness of grown-up Labrador Retrievers. A reduced fat content and the presence of L-Carnitine in the diet keep optimal body weight in the dogs. Delicious kibble of the food provides a feeling of satisfaction and fullness in the Labradors. As they are an active dog breed, minerals like Glucosamine and Chondroitin keeps good joint health in them. EPA and DHA fatty maintains their skin’s beauty and reduce allergies. Royal Canin Labrador Adult has an anti-oxidant complex of vitamin E and C, zeaxanthin which boosts the immunity as well as the eyesight in the adults. ",dry-food19.jpg,8160,12
,Royal Canin Mini Adult Dog Food 8 Kg,Dry Food,Adult mini breed dogs over 10 months of age.,"Royal Canin Mini Adult 8 Kg is a richly nourishing dog food that caters to the special nutritional needs of small breed adult dogs. The kibble size and shape of the food promotes healthy chewing and keeps good oral hygiene in the dogs. A substantial amount of protein in the diet maintains energy and endurance. The diet is enriched with EPA and DHA, that makes their skin beautiful and also leaving their coat radiant. L-Carnitine present in the food metabolizes the excess fat deposits present in the body to raw energy, thus keeping ideal body weight in them. FOS and MOS prebiotics in the diet is a natural detoxifier, which cleanses the dog’s intestinal tract. Minerals like Calcium and Phosphorus maintains strong cartilage and joints. Royal Canin Mini Adult has a controlled nutrient supply which reduces the risk of obesity in the small breed dogs.",dry-food20.jpg,4930,8
,SmartHeart Adult Dog Food Smoked Liver 3 Kg,Dry Food,Adult dogs of all breeds. ,"SmartHeart Adult Dog Food is a combination of balanced nutrients which ensure overall well-being of your dog. Deliciously flavoured dry food is highly digestible, accounting for better assimilation of nutrients and stool quality. Brain and nervous system will get the necessary support to maintain mental activities of the canine. Omega-3 fatty acids promote healthy functioning of the heart. The process of digestion will get simplified as the ingredients of SmartHeart are highly digestible. Muscles, bones and teeth get adequate support from the diet. The goodness of SmartHeart food would also reflect in the lustre of your dog's coat.",dry-food21.jpg,590,3
,Taste Of The Wild Sierra Mountain Roasted Lamb Dog Food 12.20 Kg,Dry Food,Puppies and adult dogs of all breeds,"Taste of the Wild Sierra Mountain Roasted Lamb 13 Kg is richly nourishing food, having Roasted Lamb and egg combined with sweet potatoes, peas, promotes vitality and strength in dogs of all breeds. It is a highly digestible and absolutely grain free food for making it suitable for canines experiencing food allergies and intolerances. Lamb is the number one ingredient of the food, loaded with essential nutrients and energy and also an easily digestible protein that keeps optimal body functioning. The Salmon oil present in the diet provides DHA, an Omega 3 fatty acid, that boosts cardiovascular health and reduce inflammation in dogs. Another fatty acid, Omega 6 regulates blood clotting in them during injury.  Taste of the Wild Sierra Mountain Roasted Lamb Adult offers species-specific probiotics which satisfy the appetite and keep a healthy digestive tract in the dogs. ",dry-food22.jpg,8250,12.2
,Taste Of The Wild Sierra Mountain Roasted Lamb Dog Food 2 Kg,Dry Food,Puppies and adult dogs of all breeds.,"Formulated with the best of the ingredients, Taste Of The Wild Sierra Mountain Roasted Lamb 2 Kg is an apt dog food for puppies and adult dogs of all breeds. Lamb is the major constituent of the diet, that provides a protein content of 25%, keeping your beloved canines healthy and strong. Salmon fish oil is an excellent source of Omega fatty acids, that keep the skin and coat healthy and shiny. Important vitamins and other minerals in the diet, maintain strong bones and teeth in the puppies. The powerful antioxidants obtained from the vegetables and fruits promote longevity and provide your adult dogs with a strong immune system.  The dried chicory root present in the food gives your dogs excellent prebiotic fibres, that boosts their digestive mechanism. Taste Of The Wild Sierra Mountain Roasted Lamb is completely grain free, making it appropriate for dogs with food allergies or intolerances.",dry-food23.jpg,1650,2
,Taste Of The Wild Sierra Mountain Roasted Lamb Dog Food 5.60 Kg,Dry Food,Puppies and adult dogs of all breeds,"Taste of the Wild Sierra Mountain Roasted Lamb 6 Kg has the goodness and essence of top quality Roasted Lamb that gives your puppy and adult dogs necessary protein and fats for keeping themselves in good shape. The lamb which is pasture grazed is the number one ingredient in the diet, making it delectable for the dogs to consume. Supplemented with vegetable and fruits, the food has natural antioxidants for fortifying the immune system of the canine. Docosahexaenoic acid (DHA) is an omega fatty acid, that builds cell membrane and boosts the cognitive skills in the dogs. Organic prebiotics from Dried Chicory Roots fuels the beneficial bacteria in the gut for a healthy digestive mechanism. Also, the K9 strain probiotics offered by Taste of the Wild Sierra Mountain Roasted Lamb helps in the absorption of calcium and supports a healthy intestinal tract.",dry-food24.jpg,4350,5.6
,Taste Of The Wild Wetlands Canine Wild Fowl Adult Dog Food 12.20Kg,Dry Food,Adult dogs of all breeds above 1 year old.,"Taste Of The Wild Wetlands Canine Wild Fowl Adult 13 Kg is complete dog food for grown-up dogs above 1 year old. The food has high-quality protein from multiple sources for maintaining energy and endurance in the dogs. Roasted Quail, Roasted Ducks and Smoked Turkey add to the palatability of the food which allures the choosiest of eaters. The meat gives a 32% protein content that aids good muscle mass and strength in the dogs. Important fatty acids like Omega 3 and Omega 6 maintain good bone and joint function and also regulates the brain functioning. Dried Chicory Root present in the food is a natural source of prebiotic fibre that retains beneficial bacteria in the gut for promoting a robust digestive mechanism. Taste Of The Wild Wetlands Canine Wild Fowl contains super antioxidants which fight off illnesses and infections in the canines.",dry-food25.jpg,8250,12.2
,DROOLS Daily Nutrition Adult 100% Vegetarian 1.2 kg,Veg Food,All breeds,Daily Nutrition Adult 100% Vegetarian,veg-food1.jpg,250,1.2
,DROOLS Daily Nutrition Adult 100% Vegetarian 3 kg,Veg Food,Adult dogs of all breeds of age 2 and above. ,DROOLS Daily Nutrition Adult 100% Vegetarian 3 kg is an appropriate dog food specially designed for adult dogs of all breeds for sustaining superior health and wellbeing. The dog food being completely vegetarian helps those owners who are vegan. A 24% of protein content in the diet improves muscle growth and overall strength in adult dogs. Lecithin is a vital element for boosting brain health and for supporting a strong immune system. The essential amino acids in the food repair body tissues and boost nervous function. DROOLS Daily Nutrition Adult 100% Vegetarian offers a crunchy kibble for assisting good chewing and to counter excessive plaque buildup. Requisite minerals and vitamins have been added for keeping robust bones and teeth. Antioxidants present in the meal builds good resistance against infections and diseases. ,veg-food2.jpg,625,3
,DROOLS Daily Nutrition Adult 100% Vegetarian 6.5kg,Veg Food,Adult dogs of all breeds of age 2 and above. ,Daily Nutrition Adult 100% Vegetarian,veg-food3.jpg,999,6.5
,Pedigree 100% Vegetarian Adult Dog Food 3 Kg,Veg Food,All breeds,"Pedigree 100% Vegetarian Adult Dog Food is a fine quality dog food available at PetsWorld that instills superb health in dogs of all breeds. It has a crunchy kibble texture that makes the food palatable for even the choosiest of eaters. An ample amount of protein has been added in the diet for encouraging robust muscle mass in the dogs. Also, a special blend of Zinc and Linoleic acid fortify overall skin health of the dogs. The natural fibres from vegetables and cereals in the diet support excellent digestibility and bowel movement in your canines. Pedigree 100% Vegetarian Adult Dog Food contains Taurine and other natural antioxidants that strengthen the defence mechanism of the dogs, helping them counter many infections and diseases. ",veg-food4.jpg,675,3
,Pedigree Puppy Milk & Vegetables Dog Food 1.2 Kg,Veg Food,All breeds,"Pedigree Puppy Milk and Vegetable Dog Food is a nutritionally balanced meal that suits puppies of all breeds. It consists of milk and vegetable flavour that tempts even the fussiest of eaters. Also, a high protein content in the diet aids strong muscle development and reparation of body tissues too. For ensuring optimal digestion in the pups, natural fibres have been added in the diet. Pedigree Puppy Milk and Vegetable Dog Food is also rich in antioxidants that boost the overall immunity of the dog. ",veg-food5.jpg,300,1.2
,Smart Heart Adult All Breed Veggie Pack - 1Kg,Veg Food,All breeds,"Smart Heart vegetable is 100% veg diet for dogs of all breeds. Although this product has no meat, this diet is abundant with quality soy protein to make sure your dog doesn’t miss out vital nutrition. Buy Dog dry food from ShakeHands, the leading pet store.",veg-food6.jpg,265,1
,Dog'njoy Adult All Breed Vegetarian Formula - 3Kg,Veg Food,All breeds,"Food for dogs with allergic to meat proteins. Diets which are pure vegetable protein. Meatless specialties, which is very good for dogs with chronic skin diseases caused by consumption of meat protein. YUCCA helps to reduce the odors. Good dog food with nutrition benefits. AS dogs are strong, they can do activities with the owner. Strengthens the immune system. Calcium: Strengthens bones & teeth with natural calcium. Comes with Omega 3 & 6 fatty acids. Yucca: reduce the odor with Yak stool is a simple excrement. Nutrients: Crude Protein: Min 25% Crude Fat: Min 7% Crude Fibre: Min 4% Moisture: Min 10%",veg-food7.jpg,685,3
,Wild Earth 31% Protein Vegetarian Adult Dry Dog Food (All Breeds),Veg Food,All breeds,"Feed your dog the wholesome goodness of Wild Earth's Clean Protein Formula Plant-Based Dry Dog Food! This recipe is nutritionally complete and formulated with prebiotic fibers to promote a healthy microbiome and help provide resistance against certain diseases. It has an irresistible umami flavor from real recognizable foods like chickpeas, pumpkin, oats, spinach, and sweet potato. And you can feel extra good knowing that your pup won't be consuming any fillers, additives, animal by-products, or artificial preservatives.",veg-food8.jpg,1760,1.81
,Drools Adult Dog Food Gravy Chicken Liver- 150 GM,Gravy Food,All breeds,Complete/balanced diet. Easily digestible. Can be also given to sick pets who are eating less. Complete dog food good for health dog like this food it make with real chicken and liver. Give all natural minerals and vitamins for dogs,gravy-food1.jpg,35,0.15
,Gemon Chunk Puppy And Junior Chicken 415 GM,Gravy Food,All breeds,"chicken and turkey is a complete food for puppies 2-10 months. A delicious recipe, gluten free, suitable for all breeds.",gravy-food2.jpg,130,0.45
,Pedigree Chicken & Liver Chunks in Gravy Adult Wet Dog Food - 70 g,Gravy Food,All breeds,"An easy to digest recipe, this wet food is marked as 'a complete diet' by Pedigree. Protein contributes to strong muscles while dietary fibre ensures smooth digestion. Calcium and phosphorous in the correct ratios help develop strong bones and teeth. Developed in collaboration with experts from the Waltham Centre for Pet Nutrition, this food was made to be nutritious. Its liver flavour makes it all the more tempting for your pet.",gravy-food3.jpg,35,0.07
,Fresh For Paws Dog Food (Mutton Liver Stew) (300 gms) (Pack Of 3),Gravy Food,All breeds,"Pet Parents always want to feed their pets fresh and homemade food, therefore Fresh for Paws brings a whole new range of fresh dog feed, homemade with love! This dog food is an assortment of Olive oil- the brain food for dogs and veggies rich in protein, calcium, fibre, carbs, vitamins and mineral and human grade animal protein that makes it an ideal diet for dogs of all breeds and sizes. Fresh For Paws dog food is the easiest way to feed fresh to your pooch as it comes in convenient packaging, all you have to do is just cut and serve this yummy food in your doggie’s bowl, your pooch will fall in love with the taste! This food is free from grains and preservatives that make it 100 percent natural diet which promotes better digestion in dogs and also makes the skin and coats healthy. This feed also improves the working of the immune system and maintains energy levels in growing dogs.",gravy-food4.jpg,930,0.3
,Fresh For Paws Fresh Dog Food (Chicken Liver Stew) (Pack of 12),Gravy Food,All breeds,"Pet Parents always want to feed their pets fresh and homemade food, therefore Fresh For Paws brings a whole new range of fresh dog feed, homemade with love! This dog food is an assortment of Olive oil- the brain food for dogs and veggies rich in protein, calcium, fibre, carbs, vitamins and mineral and human-grade animal protein that makes it an ideal diet for dogs of all breeds and sizes. Fresh for Paws dog food is the easiest way to feed fresh to your pooch as it comes in convenient packaging, all you have to do is just cut and serve this yummy food in your doggie’s bowl, your pooch will fall in love with the taste! This food is free from grains and preservatives that make it 100 percent natural diet which promotes better digestion in dogs and also makes the skin and coats healthy. This feed also improves the working of the immune system and maintains energy levels in growing dogs.",gravy-food5.jpg,1320,0.3
,Fresh For Paws Fresh Dog Food (Paneer Stew) (Pack of 12),Gravy Food,All breeds,"Pet Parents always want to feed their pets fresh and homemade food, therefore Fresh For Paws brings a whole new range of fresh dog feed, homemade with love! This dog food is an assortment of Olive oil- the brain food for dogs and veggies rich in protein, calcium, fibre, carbs, vitamins and mineral that makes it an ideal diet for dogs of all breeds and sizes. Fresh For Paws dog food is the easiest way to feed fresh to your pooch as it comes in convenient packaging, all you have to do is just cut and serve this yummy food in your doggie’s bowl, your pooch will fall in love with the taste! This food is free from grains and preservatives that make it 100 percent natural diet which promotes better digestion in dogs and also makes the skin and coat healthy. This feed also improves the working of the immune system and maintains energy levels in growing dogs.",gravy-food6.jpg,1320,0.3
,Fresh For Paws Fresh Dog Food (Casserole) (300 gms)(Pack Of 3,Gravy Food,All breeds,"Pet Parents always want to feed their pets fresh and homemade food, therefore Fresh For Paws brings a whole new range of fresh dog feed, homemade with love! This dog food is an assortment of Olive oil- the brain food for dogs and veggies rich in protein, calcium, fibre, carbs, vitamins and mineral that makes it an ideal diet for dogs of all breeds and sizes. Fresh For Paws dog food is the easiest way to feed fresh to your pooch as it comes in convenient packaging, all you have to do is just cut and serve this yummy food in your doggie’s bowl, your pooch will fall in love with the taste! This food is free from grains and preservatives that make it 100 percent natural diet which promotes better digestion in dogs and also makes the skin and coat healthy. This feed also improves the working of the immune system and maintains energy levels in growing dogs.",gravy-food7.jpg,780,0.3
,Little BigPaw Adult Wet Dog Food Chicken with Green Beans (390 GM) (Pack Of 3),Gravy Food,Suitable for all breeds of adult dog.,"Little BigPaw Dog Food is a grain-free diet that contains green beans, sweet potato and other veggies that makes it rich in fibre and chicken make it rich in protein. This food soothes digestion and omega 3 & fatty acids contribute to healthy skin and coat. This dog feed also contains Glucosamine and Chondroitin content that helps in keeping healthy joints and provide strength to bones. A strong vitamin component (including E, A, D and B complex) boosts immunity and enhances vitality.",gravy-food8.jpg,780,0.39
,Dibaq Sense Grain Free Chicken & Duck Wet Adult Dog Food Can (With Mushroom & Mangoes) (380 Gms),Gravy Food,Premium food for dogs of all breeds.,"Dibaq Sense Chicken & Duck is a premium food for dogs of all breeds. This food helps in getting your dog a healthy and strong bone structure. The unique and healthy formula with balanced protein and fat helps in strengthening the muscles. With chicken and duck as the major ingredients, this diet contains omega 3 & 6 Fatty acids, biotin, and zinc that helps in enhancing the shine and health of your dog's hair and skin. This food is easy to digest, courtesy Prebiotics.",gravy-food9.jpg,270,0.38
,"Dibaq Sense Salmon & Turkey Wet Dog Food for Puppies, Pregnant & Lactating Mothers (380 GM)",Gravy Food,Premium food for dogs of all breeds.,"Dibaq Sense (Salmon & Turkey) is an apt choice for puppies with sensitive tummies. The fresh turkey and salmon meat used for the preparation is human grade and guarantees sufficient amounts of proteins with a high biological value, which in turn ensures the correct growth of puppies. The exclusive recipe combines fresh fruits, vegetables and herbs with a sufficiently high percentage of meat, this combination supports your pup’s growth in many ways, such as during digestion it takes care of intestinal flora, supports bone & joints and also strengthens immunity.",gravy-food10.jpg,290,0.38
,Little BigPaw Adult Wet Dog Food Duck with Blueberries (390 GM) (Pack Of 3),Gravy Food,Suitable for all breeds of adult dog,Little BigPaw Dog Food is a grain-free diet that contains single meat source- Duck (50%) that makes it a feed rich in protein. This food contains veggies like pumpkin and courgettes that makes it rich in fibre that soothes digestion and boosts immunity. Blueberry in this feed contains plenty of potassium and is a good source of prebiotics. Omega 3 & fatty acids contribute to healthy skin and coat. This dog feed also contains Glucosamine and Chondroitin content that helps in keeping healthy joints and provide strength to bones.,gravy-food11.jpg,750,0.39
,Royal Canin Veterianry Diet Renal 420 GM,Gravy Food,All breeds,"Royal Canin Veterinary Diet Renal is a complete dietetic feed for dogs formulated to support renal function in the case of chronic or temporary renal insufficiency, through its low level of phosphorus and restricted level of protein, but of high quality.",gravy-food12.jpg,360,0.42
,Gemon Chunks With Chicken Or Turkey Adult Medium 1.250G,Gravy Food,All breeds,"Chunks with Chicken & Turkey is a complete food for adult dogs of medium size, aged from 1 to 8 years. A delicious recipe made in Italy, gluten free. Composition: meat and meat-by-products 45% (chicken 14%, turkey 12%), cereals, eggs, minerals. Analytical constituents: Crude Proteins 8,5%, Crude Oils and Fats 6,0%, Crude fibre 0,5%, Crude ash 2,7%. Moisture 80%. Nutritional additives per kg: Vitamin A 2500 U.I./kg., Vitamin D3 250 U.I./kg., Vitamin E (allrac alpha tocoferil acetate) 10 mg./kg. Daily feeding: For an adult dog of medium size (12 - 30 kg.) give 880 – 1800 grams of product, to be shared in 2 - 3 meals. To be served at room temperature, or warmed. Always leave fresh and clean water by the animal.",gravy-food13.jpg,290,1.25
,Hill's Prescription Diet Digestive Care i/d Canine with Turkey Wet Dog Food - 370 g,Gravy Food,All breeds,"Your dog's digestive health can be negatively affected by many things and when your dog has digestive upset, its a thoroughly unpleasant experience for everyone involved. The good news is that you can help your dog feel better with a food that is formulated to provide the digestive care they need. Hills nutritionists and veterinarians developed. Prescription Diet, clinical nutrition specially formulated to help settle digestive upsets in dogs.",gravy-food14.jpg,435,0.37
,"Little BigPaw Chicken with Green Beans, Mixed Peppers and Sweet Potato in a Rich Herb Gravy Wet Dog Food - 390 g",Gravy Food,All breeds,"This grain-free wet food contains fibre-rich green veggies that are excellent for digestion and Omega 3 & fatty acids which contribute to healthy skin and coat. The Glucosamine and Chondroitin content keeps your pet's joints in order by promoting healthy cartilage, and a strong vitamin component (including E, A, D and B complex) help build a strong skeletal system and boost immunity.",gravy-food15.jpg,260,0.36
,Little BigPaw Steamed Atlantic Salmon & Vegetables Terrine Wet Dog Food - 150 g,Gravy Food,All Breeds,"Featuring delicious Atlantic Salmon, this terrine is packed with nutrition. Made with 60% British meat, it is easily digested by those tiny tummies. Besides essential vitamins and minerals, this recipe has essential fatty acids and omega oils keep the coat, skin and joints healthy. Basil has been added for additional nutrition.",gravy-food16.jpg,185,0.15
,Marvo Chicken & Liver Tin,Gravy Food,All breeds,"Marvo dog food makes every mealtime a delightful and nutritious occasion that your dog will love. Features are Pet food specially formulated for dogs 1 year and older, No Preservatives, Enriched with Tuna Oil, Glucosamine & Chondroitin. Recommendation for Supply fresh water at all times, Serve fresh from can at room temperature, Keep unused portion refrigerated, Should feed with other foods for complete nutrition.",gravy-food17.jpg,175,0.4
,Marvo Chicken Mixed Rice Tin,Gravy Food,All breeds,"Marvo dog food makes every mealtime a delightful and nutritious occasion that your dog will love.. Features include Specifically formulated for pet dogs 1 year and older, No preservatives, Tuna oil, Glucosamine & Chondroitin.",gravy-food18.jpg,175,0.4
,Marvo Lamb Chunk in Gravy Tin,Gravy Food,All breeds,"MARVO Canned Lamb Chunk in Gravy Tin contains premium quality real meat with varieties of tastes. Tuna Oil, Glucosamine and Chondroitin are added to support coating and joint care, while Yucca Extract is added to reduce unpleasant odor and delicious authentic dog cuisine offering in international menu.",gravy-food19.jpg,175,0.4
,"Cesar Premium Adult Wet Dog Food (Gourmet meal), Sasami & Vegetables, 16 Pouches (16 x 70g)",Gravy Food,Adult Dogs of all breeds,"Cesar Premium Adult Wet Dog Food Sasami & Vegetables is an appetizing meal that is ideal for all breeds of dogs. It has a considerable amount of protein that encourages the formation of strong muscle mass and endurance in the dogs. Also, being a low calorie food helps your dogs to maintain a healthy body weight. This dog food also contains organic fibres that support excellent digestive functioning as well as ensuring good nutrient absorption. Cesar Premium Adult Wet Dog Food Sasami & Vegetables has a high moisture content for keeping your canines well hydrated at all times. ",gravy-food20.jpg,960,1.12
,Royal Canin Digestive Care Gravy Dog Food 1.02 Kg,Gravy Food,Dogs of all breeds experiencing digestive sensitivity. ,Royal Canin Digestive Care Gravy Dog Food 1.02 Kg is a nutritionally balanced wet dog food that builds a healthy intestinal flora in dogs of all breeds. The diet contains a healthy proportion of soluble and insoluble fibres which supports intestinal transit along with great digestive health. Organic prebiotics has been added for assisting complete detoxification of the dog’s body. The food is designed in a manner where the dogs will get their amino acids in a highly digestible format. The essential vitamins and minerals present in the food fortify the overall immunity of the dog. Royal Canin Digestive Care Gravy has a moisture content of 81% that keeps your dogs thoroughly hydrated. The diet contains a healthy fat content which gives the dogs a concentrated source of energy. ,gravy-food21.jpg,1120,1.02
,Royal Canin Exigent Gravy Dog Food 1.02 Kg,Gravy Food,Small breed adult dogs (below 10 kg) who are picky eaters,"Small breed dogs are one of the choosiest dogs around. Moreover, their intolerance to certain ingredients can make you switch umpteen number of diets for them.  Royal Canin Exigent Gravy Dog Food 1.02 Kg is a highly delectable meal having top-quality ingredients, entices the fussiest of small breed dogs. Ample protein content of the diet builds strength and repairs the body tissues in the dogs. Minerals like Zinc and Copper are anti-inflammatory agents that prevent swelling and stiffness. Iron present in the diet facilitates the synthesis of blood, boosting their overall energy. Royal Canin Exigent Gravy has a stimulating meat aroma that makes your dog savour till the last bite of the food. ",gravy-food22.jpg,1120,1.02
,Royal Canin Light Weight Care Gravy Dog Food 1.02 Kg,Gravy Food,For adult and mature large breed dogs (from 26 kg to 44 kg) having a tendency to gain weight,"Dogs becoming overweight is definitely not a good sign. Critical health issues in dogs like osteoarthritis, high blood pressure, type 2 diabetes and cancer crop up from obesity. Royal Canin Light Weight Care Gravy Dog Food 1.02 Kg is a nutritionally balanced wet dog food that restricts the weight gain in obese. The diet contains all the necessary vitamins and minerals that increase metabolism. Natural fibres in the food give a feeling of fullness, curbing the overeating in the dogs. Royal Canin Light Weight Care Gravy comprises of delicious meat flavour, that tickles the taste buds of all dogs. This gravy food can be fed to all dog breeds, having a weight above than normal. ",gravy-food23.jpg,1020,1.02
,Fidele Pate Chicken with Vegetables Puppy 400 gms,Gravy Food,Suitable for puppies,"Features:This dog food provides complete and balanced nutrition, Pate-style canned dog food made, from chicken meat and vegetables.Added vitamins and minerals offer a nourishing meal, Prepared under veterinarian control, Wheat & soy-free, No use of artificial preservatives.",gravy-food24.jpg,380,0.4
,Fidele Pate Chicken with Vegetables Adult 400 gms,Gravy Food,Suitable for dogs,"Features: High-quality protein and fat sources help support all-day stamina and strength, while added glucosamine and chondroitin help maintain healthy joint function, Contains prebiotics and probiotics added during the process help promote a healthy intestinal tract and overall digestive health, Contains ideal ratio of Omega-6 & Omega-3 fatty acids ensures a healthier skin and coat.",gravy-food25.jpg,660,0.4
,Royal canin Sterilised gravy Dog Food 1.02 Kg,Gravy Food,Neutered dogs of all breeds,"Neutering of dogs is always linked to an increase in weight. When dogs become obese, they become vulnerable to health issues like type 2 diabetes and high blood pressure. Hence, it is essential to feed them a diet that maintains ideal body weight, simultaneously curbing their overeating tendency too. Royal Canin Sterilised Gravy Dog Food 1.02 Kg is a wholesome wet dog food that has a healthy blend of proteins and fibres, limits the excess weight gain in dogs of all breeds. The diet also helps to restrain the incessant hunger present in the neutered dogs. Minerals like Zinc and Iodine have been added in the diet for regulating the overall metabolism. Royal Canin Sterilised Gravy Dog Food has tasty meat flavour which appetizes the choosiest of dogs. ",gravy-food26.jpg,1020,1.02
,Royal Canin Cardiac Adult Canine (Dog),Vet Food,All breeds,"ROYAL CANIN® Cardiac is a dry kibble diet specially tailored to nutritionally support adult dogs with cardiac insufficiency. ROYAL CANIN® Cardiac is formulated with specific nutrients that help to support your dog’s heart function. ROYAL CANIN® Cardiac contains EPA and DHA, essential Omega-3 fatty acids that benefit heart function. This formula contains a restricted sodium content to help reduce the workload of your dog’s heart. Recommended in cases of: Cardiovascular disease, Congestive heart failure, Hypertension. Not recommended in cases of: Growth, gestation and lactation. This diet is complete and balanced and can be fed long-term. A full health check should be performed by a veterinarian every 6 months.",vet-food1.jpg,1670,2
,Royal Canin Hepatic Adult Canine (Dog),Vet Food,All breeds,"ROYAL CANIN® Hepatic is a scientifically formulated diet for the nutritional management of liver disease in dogs. Recommended in cases of: Liver disease, Chronic hepatitis, Portosystemic shunt, Hepatic encephalopathy, liver failure, copper metabolism disorders. Not recommended in case of: Pregnancy, lactation and growth, pancreatitis, acute hepatitis without hepatic encephalopathyor or history of pancreatitis and hyperlipidaemia. This diet is complete and balanced and can be fed long-term. A full health check should be performed by a veterinarian every 6 months.",vet-food2.jpg,5050,6
,Royal Canin Veterinary Diet Dry Gastro Intestinal Low Fat Dog Food 1.5 Kg,Vet Food,For dogs of all breeds experiencing chronic or acute diarrhoea and other gastrointestinal problems.,"Dogs possess a sensitive digestive mechanism which can be put under stress in a number of ways. Gastrointestinal problems surface in dogs like chronic and acute diarrhoea and vomiting. Giving them a normal diet during digestive upset can worsen their health. Lower fat content is one of the key requirement in their diet as it improves the digestion quickly. Royal Canin Veterinary Diet Dry Gastrointestinal 1.5 Kg is a splendid prescription dog food having a suitable nutritional profile that quickly elevates the digestive health of the canines.  The reduced fat content of the diet makes it ideal for dogs suffering from hyperlipidemia and acute pancreatitis. The easy to digest protein in the food greatly minimize the intestinal fermentation and the presence of organic prebiotics support balanced digestion. Royal Canin Gastrointestinal has a healthy blend of Vitamin E, Vitamin C and Taurine, which are antioxidants for strengthening the immune system.",vet-food3.jpg,1380,1.5
,Royal Canin Veterinary Diet Dry Gastro Intestinal Dog Food 2 Kg,Vet Food,Suitable for all dog breeds experiencing digestive insufficiency,"A dog’s digestive system plays a huge rule in maintaining strong immunity in them. Weak digestive health can invite illnesses and infections in the system. Royal Canin Gastrointestinal Dog Food 2 Kg is a fine quality prescription diet that effectively treats the digestive insufficiencies in all dog breeds. Fermentable fibres (FOS, Beet Pulp) present in the diet supports the microflora in the stomach, boosting the overall digestive mechanism of the dog. The ingredients present in the diet are easy to digest, ensuring optimal absorption of nutrients. EPA and DHA are Omega 3 fatty acids that nourish the cells in the intestinal tract, creating lubrication for a healthy bowel movement. An exclusive blend of antioxidants present in Royal Canin Gastrointestinal dog food improves the internal resistance of the dog against illnesses and infections.",vet-food4.jpg,1800,2
,Royal Canin Veterinary Diet Dry Mobility Dog Food 7 Kg,Vet Food,Suitable for all dog breeds suffering from joint diseases.,"Joint and skeletal issues in dogs can be caused due to several problems. Active dogs tend to put more pressure on their joints while playing. When the joints are under repeated stress, it may cause wear and tear in them hampering their overall mobility. A diet like Royal Canin Veterinary Diet Dry Mobility 7 Kg is a fitting prescription dog food that helps in boosting joint function in dogs of all breeds. It has ingredients like polyphenols, turmeric, hydrolyzed collagen and green tea which all are excellent for the joint health. This diet protects the dog’s cartilage and endows them with strength and flexibility. The food has a low-calorie content for preventing your canine to gain weight, thus preventing obesity. The less your dog gains weight, the more it will be good for their joints. Green Lipped Mussel extract in the food reduce joint inflammation and eliminates the risk of developing the degenerative joint disease. Royal Canin Veterinary Mobility offers your dog important minerals like Glucosamine and Chondroitin that considerably improves the lubrication in their joints.",vet-food5.jpg,5770,7
,Royal Canin Veterinary Diet Dry Satiety Weight Management Dog Food 1.5 Kg,Vet Food,Made to support dogs who are suffering from obesity or other weight related conditions,"Royal Canin Veterinary Diet Satiety Weight Management helps to carry out a healthy weight loss through carefully formulated diet. Calorie intake is restricted while all essential nutrients are present to meet nutritional requirements of a canine. With about 30% of protein content, the dry dog food aims to maintain a healthy muscle mass while weight loss programme is being carried out. Bones and joints of the overweight canine are also cared for. The highly stressed joints are supported with glucosamine and chondroitin, and omega 3 fatty acids (EPA & DHA); these components also help to reduce inflammation. Special mixture of fibres is included in high quantities, as it creates a feeling of fullness while offering low energy density. The dog would also feel full for a long time, resulting in reduced hunger.",vet-food6.jpg,1440,1.5
,Royal Canin Veterinary Diet Wet Cardiac Dog Food 410 gm,Vet Food,All dog breeds suffering from chronic cardiac insufficiency and hypertension.,"Royal Canin Cardiac Wet Dog Food is a wholesome meal for an adult dog, created to support the functioning of heart in case the dog suffers from chronic cardiac insufficiency. Lowering of sodium content from the diet helps to reduce water retention, and thus lessens stress from the cardiovascular system. Royal Canin Cardiac also includes L-carnitine and taurine which are essential for healthy cardiovascular functioning. Balanced proportions of potassium and magnesium help to promote muscle strength. Taurine present in the diet keeps the heart healthy and helps maintain good eyesight.",vet-food7.jpg,480,0.4
,Royal Canin Veterinary Diet Wet Convalescence Dog Food 410 gm,Vet Food,Support the health of the dog while it recovers from an illness or injury,"Royal Canin Veterinary Diet Convalescence Support is designed to restore the health of your dog during convalescence. High energy density enables more energy from reduced amount of food, leading to lesser pressure on digestive system. High energy food also helps the dog regain weight while it recuperates. The wet dog food consists of adequate amounts of protein to help the dog regain a lean body mass. Antioxidant complex, consisting of elements like vitamin E, vitamin C, lutein and taurine protect cells from the damage caused by oxidative stress. Omega 3 fatty acids EPA and DHA work to improve joint mobility, skin health and digestion.",vet-food8.jpg,470,0.4
,Royal Canin Veterinary Diet Wet Gastro Instestinal Dog Food 400 gm,Vet Food,"A comprehensive diet for dogs to reduce acute intestinal absorption disorders, promote nutritional restoration and convalescence","Royal Canin Gastro Intestinal wet dog food is a formulation of highly digestible nutritive elements, which aid in reducing intestinal absorption disorders in your dog. Placing less pressure on the digestive mechanism, the well-balanced food can also offer nutritive support to the dog while it recovers from some ailment or injury. The wholesome diet has MOS (Mannan-Oligo-Saccharides) and specific minerals which work to maintain the health of digestive system. The moisture rich complete food is further enriched with Omega 3 fatty acids (EPA and DHA). These essential fatty acids help to reduce inflammation and work to improve gastrointestinal health. The food has electrolytes which assist the body in carrying out several important functions, like in movement of nutrients to cells, stabilization of pH level, muscle function, and keeping the body hydrated. igestive system.",vet-food9.pg,410,0.4
,Royal Canin Veterinary Diet Wet Gastro Intestinal Low Fat Dog Food 410 gm,Vet Food,"Gastrointestinal Low Fat diet for better health of dogs with gastrointestinal issues, like diarrhoea, colitis, hyperlipidaemia, pancreatitis, etc","Royal Canin Gastrointestinal Low Fat Veterinary Diet has been formulated for the well-being of a dog suffering from some kind of gastrointestinal problems. High quality elements have been included to promote a balanced digestive system. Low fat content eases the process of digestion and helps to contain diseases like pancreatitis and hyperlipidaemia. Highly digestible proteins, low fibres, low fats, and gluten free carbs all such features of the diet ensure optimum nutrient assimilation. The veterinary diet would also support restoration and protection of the intestinal mucosa. st-language:EN-US;mso-bidi-language:AR-SA'>4) Lower levels of fats",vet-food10.jpg,420,0.4
,Hills Science Diet Sensitive Stomach & Skin Adult Dog Food 1.81 Kg,Vet Food,"Adult dogs of all breeds with sensitive stomachs (occasional loose stools, upset stomach, or trouble tolerating current food) and sensitive skin","A dog’s digestive system plays a huge role in their health as 70% of their immunity is associated with the gut. Hence it is clinical to give them a diet that supports a faster recovery during the period of digestive insufficiency. Hills Science Diet Adult Sensitive Stomach and Skin 1.81 Kg is a highly effective diet that boosts the overall digestive health of dogs. Formulated with wholesome ingredients like chicken and barley, the food proves highly palatable for the dogs. As food allergies often cause skin problems in dogs, this diet is rich in omega fatty acids that nourish their skin and coat. The fatty acids also soothe the persisting itching and scratching in dogs. Antioxidant blends of Vitamin E and C work together to boost the overall immunity of the canine, keeping them from infection and diseases.  Hills Science Diet Adult Sensitive Stomach and Skin is free of artificial flavours and preservatives which makes it a completely hypo-allergenic diet.",vet-food11.jpg,1200,1.81
,Royal Canin Dermacomfort Medium Dog Food 3 Kg,Vet Food,"Adult and mature medium breed dogs (from 11 to 25 Kg) over 12 months old, experiencing skin irritation and itching. ","The condition of a dog’s skin reveals a lot about its overall well being. It is vital to note that an unhealthy diet often triggers an allergic reaction in dogs, resulting in skin irritation. Royal Canin Dermacomfort Medium Dog Food is an apt meal for medium breed dogs that helps in enhancing the overall health of their skin and coat.  Borage oil present in the diet is a natural source of Omega 3 fatty acid, soothing pain and inflammation in them. The food contains a selected source of high-quality protein that is suitable for sensitive dogs. Organic prebiotics  The difference in skin health shall be visible within a month of regular consumption. Royal Canin Dermacomfort Medium has got a synergistic combination of antioxidants that boosts the dog’s immune functioning and also delay the ageing effects.",vet-food12.jpg,2360,3
,Royal Canin Dermacomfort Mini Dog Food 1kg,Vet Food,"Adult and mature small breed dogs (from 1 to 10 Kg) over 10 months old, experiencing skin irritation and itching. ",The general health of a dog can be perceived by looking at its coat.  A radiating skin is a hallmark of flourishing health in dogs. Dogs suffering from skin sensitivity should be given a diet that specifically targets skin issues and soothes the irritation. Royal Canin Dermacomfort Mini Dog Food 1kg is a highly nutritious dog food that fosters healthy skin and a bright coat in small breed dogs over 10 months old. Having essential fatty acids like Omega 3 and Omega 6 treats skin dermatitis and constant itching in dogs. The diet is infused with all the required vitamins and minerals that strengthen their skin barrier against infection and allergies. Royal Canin Dermacomfort Mini Dog has agents which chelate with calcium promoting excellent dental hygiene in the dogs. ,vet-food13.jpg,920,1
,Royal Canin Relax Care Mini Dog Food 1 Kg,Vet Food,Small breed adult dogs ( 4 kg to 10 kg) experiencing anxiety due to a change in environment,"Dogs can become anxious when there is an abrupt change in the environment. Travelling in a car, crowding of people, loud sounds are some of the situations which cause mood swings in your canines. Royal Canin Relax Mini Care is a special healthy food that eases the nerves of small breed adult dogs. The nutritional profile of the diet is designed in a way that it gives a calming influence in the dogs. Fortified with essential vitamins, the diet boosts the cognitive skills in dogs concurrently preventing anxiety as well. Vitamin E supports optimal nervous functioning and Magnesium produces the “happy” chemicals in the dog’s brain. Royal Canin Relax Mini Care food has natural antioxidants that enhance their overall immunity. ",vet-food14.jpg,920,1
,Hills Prescription Diet j/d Canine 3.85kg,Vet Food,All dog breeds.,Joints play a vital role in the overall mobility of dogs and it is vital to feed them the right kind of nutrition for maintaining an active lifestyle. Hills Prescription Diet j/d Canine 3.85kg is a highly nourishing meal containing nutrients like Glucosamine Chloride and Chondroitin Sulfate for keeping the joints of the canine in strong condition. These two elements also help in soothing pain and to prevent swelling and stiffness thus providing an anti-inflammatory effect. Hills Prescription Diet j/d Canine gives a controlled level of calorie content for maintaining ideal weight in dogs so that they do not put much stress in their joints. Omega 3 fatty acids are present to keep the skin healthy and to give a lustrous coat. Hills jd contains an S+OXSHIELD formula for facilitating a urinary environment that lowers the risk of struvite and calcium oxalate crystals,vet-food15.jpg,3320,3.85
,"Drools Vet Pro Renal Prescribed Diet ,3 Kg",Vet Food,All breeds,Drools Vet Pro Renal Dog Food 3 Kg is a premium quality prescription diet for dogs having all the important minerals for supporting top health in canines experiencing renal inadequacy. Having a low phosphorus content in the food supports excellent kidney health. The protein ratio in the diet has been lessened for reducing the kidney workload. Good renal filtration is achieved by enhanced potassium and a reduced-sodium level. Important fatty acids such as Omega 3 and 6 encourages superior vascular flow to the kidneys. Drools Vet Pro Renal Dog Food also ensures an ideal urinary pH level in canines. A good amount of Yucca extracts in the acts as a natural detoxifier and helps in reducing the stool’s odour. ,vet-food16.jpg,1350,3
,DROOLS Vet Pro Obesity 3 kg,Vet Food,All breeds,DROOLS Vet Pro Obesity 3 Kg is an apt prescription dog food for canines of all breeds dealing with obesity and constipation. L-carnitine present in the food metabolises fatty acids into pure energy and also helps in maintaining lean muscle mass. The diet contains very low fat to ensure reduced calorie consumption for assisting fat loss. The meal contains a high calorie to protein ratio for sustaining ideal body functioning. DROOLS Vet Pro Obesity offers taurine which promotes a healthy cardiac function and metabolic activity for burning fats. Glucosamine and Chondroitin are vital elements which support strong cartilage and joints and prevents inflammation. FOS prebiotics in the diet keeps the gut bacteria healthy for boosting the overall digestive mechanism. ,vet-food17.jpg,1199,3
,Farmina Vet Life Canine Formula Gastrointestinal 2 Kg,Vet Food,Dogs of all breeds recovering after having undergone surgical operations to the digestive organs.,Farmina Vet Life Canine Formula Gastrointestinal 2 Kg is a recommended prescription diet for dogs experiencing pancreatic insufficiency and intestinal disorders. The food is easily digestible and assists in the restoration of normal intestinal microflora and the preservation of the intestinal mucosa by providing highly soluble fibre. Farmina Vet Life Canine Formula Gastrointestinal is an excellent diet for those canines who have undergone surgical operations to the digestive organs. A rich protein helps in sustaining optimal body function in dogs.,vet-food18.jpg,1790,2
,Farmina Vet Life Canine Formula Hepatic 2 Kg,Vet Food,Adult dogs of all breeds experiencing liver insufficiency.,Farmina Vet Life Canine Formula Hepatic 12 Kg is a complete prescription diet for dogs indicated for the support of hepatic functionality in case of chronic hepatic insufficiency. A lowered intake of copper restricts the effects of toxicity on the damaged hepatopathy. The existence of starch and hydrolyzed proteins offsets the digestive insufficiency in case of chronic liver diseases. A protein content of high biological value in the diet spurts muscle growth and improves bone density. Farmina Vet Life Canine Formula Hepatic offers Taurine for keeping the heart healthy and to maintain good eyesight. Omega 3 and Omega 6 are essential fatty acids present in the diet promote a healthy skin and to nullify the effects caused by liver insufficiency.,vet-food19.jpg,1790,2
,Farmina Vet Life Canine Formula Hypoallergenic Fish & Patato 2 Kg,Vet Food,Adult dogs of all breeds experiencing alimentary intolerance.,"Farmina Vet Life Canine Formula Hypoallergenic Fish & Potato 2 Kg is a high-quality prescription diet for adult dogs experiencing an adverse reaction to food and alimentary intolerance. Contrary reactions to foods are generally generated by residuals such as artificial additives, anti-parasites and antibiotics. An organic source of animal protein obtained from high-quality fish meat fish maintains ideal body function canines and is an integral constituent for providing hypo-allergenic properties. Omega 3 and Omega 6 essential fatty acids reduce the effects of allergies produced in the skin and give an overall shiny coat. A low carbohydrate content of the food sustains an optimal weight and a stable blood sugar level. All the necessary vitamins and minerals are offered by Farmina Vet Life Canine Formula Hypoallergenic Fish & Potato for building resistance against diseases",vet-food20.jpg,1790,2
,Farmina Vet Life Canine Formula Joint 2 Kg,Vet Food,Adult dogs of all breeds having osteoarticular tissue inflammation.,Farmina Vet Life Canine Formula Joint 2 Kg is a highly nutritious prescription diet exclusively made for adult dogs suffering from osteoarticular tissue inflammation. Glucosamine and Chondroitin being the fundamental ingredients in the diet improves lubrication in joints and supports strong cartilage and bones. These constituents also help in the restoration of cartilage tissue and reduce pain and inflammation. EPA and DHA present in Farmina Vet Life Canine Formula Joint are useful for canines undergoing drug therapy. Omega 3 and Omega 6 essential fatty acids promote a healthy skin and a shiny coat. Natural anti-oxidants offered by the meal builds a robust immune system and help reducing the ageing effects.,vet-food21.jpg,1790,2
,Hill's K/D Cans (370G),Vet Food,This food is exclusively designed for dogs suffering from chronic renal disease,"Features are Moderated calorie content helps shed excess weight, thus reducing stress on joints, Enriched with L-cartinine, glucosamine, chrodoitin for enhanced joint cartilage support, Approved by AAFCO, Made with clinically tested high quality human-grade ingredients.",vet-food22.jpg,370,0.37
,Hill's i/D Cans (370G),Vet Food,Help your dog feel better with a food that is formulated to provide the digestive care they need. ,"Features  are Prebiotic fiber and essential omega-3 and -6 fatty acids, Clinically proven antioxidants, High in electrolytes and B vitamins.",vet-food23.jpg,370,0.37
,Farmina Vet Life Canine Formula Neutered 1 to 10 Kg Dog Weight 2 Kg,Vet Food,Neutered adult dogs of all breeds up to 10 kg body weight.,Farmina Vet Life Canine Formula Neutered 1 to 10 Kg is an appropriate prescription diet for neutered dogs having a weight between 1 to 10 kg. The diet primarily focuses on weight control and the prevention of uroliths. A reduced fat content and a high protein level lower the risk of being overweight in neutered dogs. Farmina Vet Life Canine Formula Neutered 1 to 10 Kg has L-Carnitine as a supplement for encouraging the conversion of adipose tissue into energy. A low carbohydrate content makes the diet anti-diabetic and also sustains an optimal weight. Calcium sulfate provides good assistance to uroliths prevention. Essential fatty acids like Omega 3 and Omega 6 regulate good brain functioning and promotes a shiny coat.,vet-food24.jpg,1790,2
,Farmina Vet Life Canine Formula Obesity 2 Kg,Vet Food,Obese dogs of all breeds and for treating diabetes mellitus.,Farmina Vet Life Canine Formula Obesity 2 Kg is a highly nutritious prescription diet for supporting overweight dogs to decrease their body weight by lowering the quantity of calories taken by it. A reduced level of starch and sugar content of the food makes it suitable for diabetic patients for consumption. Carnitine and protein as primary constituents help in the reduction of muscle mass during weight loss. Farmina Vet Life Canine Formula Obesity offers a relatively low glycemic index for achieving an optimal weight and for eliminating hypertension. An anti-diabetic effect is also given to the canine by reducing the starch and sugar content of the diet. The food is also rich in soluble and insoluble fibre content for absorbing the water in the stomach for keeping the intestines and gut in a healthy condition.,vet-food25.jpg,1790,2
,Farmina Vet Life Canine Formula Struvite Management 2 Kg,Vet Food,Suitable for adult dogs of all breeds indicated for lower urinary tract uroliths.,"Farmina Vet Life Canine Formula Struvite Management 2 Kg is a high quality prescription diet for adult dogs who are facing the problem of lower urinary tract uroliths. Calcium sulphate has an integral quality of offering slight urinary acidification thereby reducing the recurrence of struvite uroliths. A lowered protein offered by the diet which restricts the urea excretion helps in eliminating bacteria propagation. Diminished amount of phosphorus, magnesium and calcium reduce crystal accumulation thereby maintaining overall health and wellbeing of the dog. Farmina Vet Life Canine Formula Struvite Management consists of ammonium chloride and DL-methionine which assists the elimination of crystal growth. These are all optimal conditions for treatment of idiopathic cystitis.",vet-food25.jpg,1790,2
